Date_Scan,Catégorie,Marque,Année,Kilométrage,Prix Vente (€),Prix Neuf (€),Lien
06/06/2026,VTT SUV,Haibike,2022,905,3179,6850,https://rebike.fr/collections/vtt-suv
06/06/2026,VTT SUV,Bulls,2025,1253,3199,5559,https://rebike.fr/collections/vtt-suv
06/06/2026,VTT SUV,Giant,2023,383,2849,5299,https://rebike.fr/collections/vtt-suv
06/06/2026,VTT SUV,Conway,2022,920,2899,5200,https://rebike.fr/collections/vtt-suv
06/06/2026,VTT SUV,Flyer,2022,3,2999,6149,https://rebike.fr/collections/vtt-suv
06/06/2026,VTT SUV,Giant,2022,1060,2279,4999,https://rebike.fr/collections/vtt-suv
06/06/2026,VTT SUV,Autre,2023,427,3079,5615,https://rebike.fr/collections/vtt-suv
06/06/2026,VTT SUV,Cannondale,2022,745,2659,4999,https://rebike.fr/collections/vtt-suv
06/06/2026,VTT SUV,Conway,2023,3112,2999,5399,https://rebike.fr/collections/vtt-suv
06/06/2026,VTT SUV,Bulls,2024,630,3189,5599,https://rebike.fr/collections/vtt-suv
06/06/2026,VTT SUV,Trek,2022,716,1999,3935,https://rebike.fr/collections/vtt-suv
06/06/2026,VTT SUV,Conway,2022,724,2549,4719,https://rebike.fr/collections/vtt-suv
06/06/2026,VTT SUV,Flyer,2023,8505,2899,6000,https://rebike.fr/collections/vtt-suv
06/06/2026,VTT SUV,Autre,2022,674,2269,4358,https://rebike.fr/collections/vtt-suv
06/06/2026,VTT SUV,Trek,2021,1983,1799,3799,https://rebike.fr/collections/vtt-suv
06/06/2026,VTT SUV,Haibike,2022,3,2179,4127,https://rebike.fr/collections/vtt-suv
06/06/2026,VTT SUV,Trek,2025,289,3059,5489,https://rebike.fr/collections/vtt-suv
06/06/2026,VTT SUV,Trek,2022,512,2119,3935,https://rebike.fr/collections/vtt-suv
06/06/2026,VTT SUV,Giant,2022,821,2279,4999,https://rebike.fr/collections/vtt-suv
06/06/2026,VTT SUV,Autre,2023,10903,3169,8358,https://rebike.fr/collections/vtt-suv
06/06/2026,VTT SUV,Trek,2023,375,1999,3889,https://rebike.fr/collections/vtt-suv
06/06/2026,VTT SUV,Autre,2022,6859,2399,4579,https://rebike.fr/collections/vtt-suv
06/06/2026,VTT SUV,Focus,2023,2664,2559,5799,https://rebike.fr/collections/vtt-suv
06/06/2026,VTT SUV,Cube,2023,2280,2749,5469,https://rebike.fr/collections/vtt-suv
